Код;Категория;Название;Тип;Бренд;Старая цена;Цена по промокоду;Цена;Рейтинг;Количество отзывов;Рекомендованные товары;Количество заказов;Количество покупок;Ссылка на товар;Фото;Дата обновления
AA002EMCVKW3;Мужчинам/Одежда/Джинсы/Зауженные джинсы;Aarhon Джинсы;Джинсы;Aarhon;0,00;3350;3350,00;0;0;;0;;https://www.lamoda.ru/p/aa002emcvkw3/clothes-aarhon-dzhinsy/;;02.10.2019 05:48
AA002EMCVLB8;Мужчинам/Одежда/Толстовки и олимпийки/Худи;Aarhon Худи;Худи;Aarhon;0,00;3430;3430,00;0;0;;13;;https://www.lamoda.ru/p/aa002emcvlb8/clothes-aarhon-khudi/;;28.09.2019 23:01
AA002EMCVLB9;Мужчинам/Одежда/Толстовки и олимпийки/Худи;Aarhon Худи;Худи;Aarhon;0,00;4299;4299,00;0;0;;0;;https://www.lamoda.ru/p/aa002emcvlb9/clothes-aarhon-khudi/;;27.09.2019 03:08
AA002EMCVLC0;Мужчинам/Одежда/Толстовки и олимпийки/Худи;Aarhon Худи;Худи;Aarhon;0,00;3430;3430,00;0;0;;4;;https://www.lamoda.ru/p/aa002emcvlc0/clothes-aarhon-khudi/;;29.09.2019 04:58
AA002EMCVLC1;Мужчинам/Одежда/Толстовки и олимпийки/Худи;Aarhon Худи;Худи;Aarhon;0,00;3000;3000,00;0;0;;0;;https://www.lamoda.ru/p/aa002emcvlc1/clothes-aarhon-khudi/;;02.10.2019 19:30
AA002EMDBVM4;Мужчинам/Одежда/Спортивные костюмы;Aarhon Костюм спортивный;Костюм спортивный;Aarhon;0,00;3590;3590,00;0;0;;19;;https://www.lamoda.ru/p/aa002emdbvm4/clothes-aarhon-kostyum-sportivnyy/;;28.09.2019 23:01
AA002EMDBVM5;Мужчинам/Одежда/Спортивные костюмы;Aarhon Костюм спортивный;Костюм спортивный;Aarhon;0,00;3590;3590,00;0;0;;6;;https://www.lamoda.ru/p/aa002emdbvm5/clothes-aarhon-kostyum-sportivnyy/;;02.10.2019 04:34
AA002EMDBVM7;Мужчинам/Одежда/Спортивные костюмы;Aarhon Костюм спортивный;Костюм спортивный;Aarhon;0,00;4040;4040,00;0;0;;3;;https://www.lamoda.ru/p/aa002emdbvm7/clothes-aarhon-kostyum-sportivnyy/;;02.10.2019 17:18
AA002EMDBVM9;Мужчинам/Одежда/Спортивные костюмы;Aarhon Костюм спортивный;Костюм спортивный;Aarhon;0,00;3590;3590,00;0;0;;22;;https://www.lamoda.ru/p/aa002emdbvm9/clothes-aarhon-kostyum-sportivnyy/;;29.09.2019 01:36
AA002EMDBVN0;Мужчинам/Одежда/Спортивные костюмы;Aarhon Костюм спортивный;Костюм спортивный;Aarhon;0,00;4499;4499,00;0;0;;4;;https://www.lamoda.ru/p/aa002emdbvn0/clothes-aarhon-kostyum-sportivnyy/;;02.10.2019 17:18
AA002EMDBVN1;Мужчинам/Одежда/Спортивные костюмы;Aarhon Костюм спортивный;Костюм спортивный;Aarhon;0,00;3590;3590,00;0;0;;4;;https://www.lamoda.ru/p/aa002emdbvn1/clothes-aarhon-kostyum-sportivnyy/;;02.10.2019 17:18
AA002EMDBVN3;Мужчинам/Одежда/Спортивные костюмы;Aarhon Костюм спортивный;Костюм спортивный;Aarhon;0,00;4040;4040,00;0;0;;15;;https://www.lamoda.ru/p/aa002emdbvn3/clothes-aarhon-kostyum-sportivnyy/;;01.10.2019 22:30
AA002EMDBVN4;Мужчинам/Одежда/Спортивные костюмы;Aarhon Костюм спортивный;Костюм спортивный;Aarhon;0,00;4040;4040,00;0;0;;10;;https://www.lamoda.ru/p/aa002emdbvn4/clothes-aarhon-kostyum-sportivnyy/;;01.10.2019 22:30
AA002EMDHFV2;Мужчинам/Одежда/Верхняя одежда/Демисезонные куртки;Aarhon Куртка утепленная;Куртка утепленная;Aarhon;0,00;8740;8740,00;0;0;;0;;https://www.lamoda.ru/p/aa002emdhfv2/clothes-aarhon-kurtka-uteplennaya/;;02.10.2019 17:18
AA002EMDHFV3;Мужчинам/Одежда/Верхняя одежда/Демисезонные куртки;Aarhon Куртка утепленная;Куртка утепленная;Aarhon;0,00;8740;8740,00;0;0;;0;;https://www.lamoda.ru/p/aa002emdhfv3/clothes-aarhon-kurtka-uteplennaya/;;02.10.2019 17:18
AA002EMDHFV4;Мужчинам/Одежда/Верхняя одежда/Пуховики и зимние куртки/Зимние куртки;Aarhon Куртка утепленная;Куртка утепленная;Aarhon;0,00;9990;9990,00;0;0;;0;;https://www.lamoda.ru/p/aa002emdhfv4/clothes-aarhon-kurtka-uteplennaya/;;02.10.2019 05:40
AA002EMDHFV5;Мужчинам/Одежда/Верхняя одежда/Демисезонные куртки;Aarhon Куртка утепленная;Куртка утепленная;Aarhon;0,00;9990;9990,00;0;0;;0;;https://www.lamoda.ru/p/aa002emdhfv5/clothes-aarhon-kurtka-uteplennaya/;;02.10.2019 01:55
AA002EMDHFV6;Мужчинам/Одежда/Толстовки и олимпийки/Худи;Aarhon Худи;Худи;Aarhon;0,00;2090;2090,00;0;0;;7;;https://www.lamoda.ru/p/aa002emdhfv6/clothes-aarhon-khudi/;;02.10.2019 17:18
AA002EMDHFV8;Мужчинам/Одежда/Толстовки и олимпийки/Худи;Aarhon Худи;Худи;Aarhon;0,00;2390;2390,00;0;0;;11;;https://www.lamoda.ru/p/aa002emdhfv8/clothes-aarhon-khudi/;;29.09.2019 04:58
AA002EMFHIU7;Мужчинам/Одежда/Толстовки и олимпийки/Худи;Aarhon Худи;Худи;Aarhon;0,00;3890;3890,00;0;0;;2;;https://www.lamoda.ru/p/aa002emfhiu7/clothes-aarhon-khudi/;;27.09.2019 02:19
AA002EMFHIX0;Мужчинам/Одежда/Спортивные костюмы;Aarhon Костюм спортивный;Костюм спортивный;Aarhon;0,00;5030;5030,00;0;0;;6;;https://www.lamoda.ru/p/aa002emfhix0/clothes-aarhon-kostyum-sportivnyy/;;02.10.2019 19:30
AA002EMFHIX3;Мужчинам/Одежда/Спортивные костюмы;Aarhon Костюм спортивный;Костюм спортивный;Aarhon;0,00;5030;5030,00;0;0;;18;;https://www.lamoda.ru/p/aa002emfhix3/clothes-aarhon-kostyum-sportivnyy/;;28.09.2019 23:01
AA002EMFHIX4;Мужчинам/Одежда/Спортивные костюмы;Aarhon Костюм спортивный;Костюм спортивный;Aarhon;0,00;5660;5660,00;0;0;;2;;https://www.lamoda.ru/p/aa002emfhix4/clothes-aarhon-kostyum-sportivnyy/;;02.10.2019 19:30
AA002EMFHIX8;Мужчинам/Одежда/Спортивные костюмы;Aarhon Костюм спортивный;Костюм спортивный;Aarhon;0,00;5030;5030,00;0;0;;5;;https://www.lamoda.ru/p/aa002emfhix8/clothes-aarhon-kostyum-sportivnyy/;;02.10.2019 17:18
AA002EMFHIY3;Мужчинам/Одежда/Спортивные костюмы;Aarhon Костюм спортивный;Костюм спортивный;Aarhon;0,00;4400;4400,00;0;0;;4;;https://www.lamoda.ru/p/aa002emfhiy3/clothes-aarhon-kostyum-sportivnyy/;;02.10.2019 19:30
AA002EMFHIY6;Мужчинам/Одежда/Спортивные костюмы;Aarhon Костюм спортивный;Костюм спортивный;Aarhon;0,00;4400;4400,00;0;0;;0;;https://www.lamoda.ru/p/aa002emfhiy6/clothes-aarhon-kostyum-sportivnyy/;;02.10.2019 17:18
AA002EMFHJA7;Мужчинам/Одежда/Брюки/Чиносы;Aarhon Брюки;Брюки;Aarhon;0,00;3410;3410,00;0;0;;0;;https://www.lamoda.ru/p/aa002emfhja7/clothes-aarhon-bryuki/;;02.10.2019 19:30
AA002EMFHJA9;Мужчинам/Одежда/Брюки/Повседневные брюки;Aarhon Брюки;Брюки;Aarhon;0,00;3410;3410,00;0;0;;7;;https://www.lamoda.ru/p/aa002emfhja9/clothes-aarhon-bryuki/;;02.10.2019 04:22
AA002EMFHJB1;Мужчинам/Одежда/Джинсы/Зауженные джинсы;Aarhon Джинсы;Джинсы;Aarhon;0,00;4150;4150,00;0;0;;3;;https://www.lamoda.ru/p/aa002emfhjb1/clothes-aarhon-dzhinsy/;;29.09.2019 01:36
AA002EMFHJB2;Мужчинам/Одежда/Джинсы/Зауженные джинсы;Aarhon Джинсы;Джинсы;Aarhon;0,00;4150;4150,00;0;0;;5;;https://www.lamoda.ru/p/aa002emfhjb2/clothes-aarhon-dzhinsy/;;02.10.2019 19:30
AA002EMFHJB3;Мужчинам/Одежда/Джинсы/Зауженные джинсы;Aarhon Джинсы;Джинсы;Aarhon;0,00;2740;2740,00;0;0;;2;;https://www.lamoda.ru/p/aa002emfhjb3/clothes-aarhon-dzhinsy/;;27.09.2019 03:08
AA002EMFHJB5;Мужчинам/Одежда/Джинсы/Зауженные джинсы;Aarhon Джинсы;Джинсы;Aarhon;0,00;3630;3630,00;0;0;;0;;https://www.lamoda.ru/p/aa002emfhjb5/clothes-aarhon-dzhinsy/;;02.10.2019 20:14
AA002EMFHJB7;Мужчинам/Одежда/Джинсы/Прямые джинсы;Aarhon Джинсы;Джинсы;Aarhon;0,00;4040;4040,00;0;0;;5;;https://www.lamoda.ru/p/aa002emfhjb7/clothes-aarhon-dzhinsy/;;02.10.2019 05:40
AA002EMFHJB8;Мужчинам/Одежда/Джинсы/Зауженные джинсы;Aarhon Джинсы;Джинсы;Aarhon;0,00;4670;4670,00;0;0;;4;;https://www.lamoda.ru/p/aa002emfhjb8/clothes-aarhon-dzhinsy/;;02.10.2019 04:22
AA002EMFHJC1;Мужчинам/Одежда/Джинсы/Зауженные джинсы;Aarhon Джинсы;Джинсы;Aarhon;0,00;3590;3590,00;0;0;;5;;https://www.lamoda.ru/p/aa002emfhjc1/clothes-aarhon-dzhinsy/;;29.09.2019 05:32
AA002EMFHJC2;Мужчинам/Одежда/Джинсы/Зауженные джинсы;Aarhon Джинсы;Джинсы;Aarhon;0,00;4150;4150,00;0;0;;0;;https://www.lamoda.ru/p/aa002emfhjc2/clothes-aarhon-dzhinsy/;;02.10.2019 19:30
AA002EMFHJC3;Мужчинам/Одежда/Джинсы/Зауженные джинсы;Aarhon Джинсы;Джинсы;Aarhon;0,00;4310;4310,00;0;0;;4;;https://www.lamoda.ru/p/aa002emfhjc3/clothes-aarhon-dzhinsy/;;29.09.2019 01:36
AA002EMFHJD2;Мужчинам/Одежда/Толстовки и олимпийки/Худи;Aarhon Худи;Худи;Aarhon;0,00;4299;4299,00;0;0;;0;;https://www.lamoda.ru/p/aa002emfhjd2/clothes-aarhon-khudi/;;27.09.2019 02:19
AA002EMFHJD6;Мужчинам/Одежда/Толстовки и олимпийки/Худи;Aarhon Худи;Худи;Aarhon;0,00;0;0,00;0;0;;4;;https://www.lamoda.ru/p/aa002emfhjd6/clothes-aarhon-khudi/;;02.10.2019 19:30
AA002EMFHJD7;Мужчинам/Одежда/Толстовки и олимпийки/Худи;Aarhon Худи;Худи;Aarhon;0,00;2999;2999,00;0;0;;4;;https://www.lamoda.ru/p/aa002emfhjd7/clothes-aarhon-khudi/;;02.10.2019 05:40
AA002EMFHJE4;Мужчинам/Одежда/Спортивные костюмы;Aarhon Костюм спортивный;Костюм спортивный;Aarhon;0,00;5170;5170,00;0;0;;4;;https://www.lamoda.ru/p/aa002emfhje4/clothes-aarhon-kostyum-sportivnyy/;;02.10.2019 17:18
AA002EMFHJE5;Мужчинам/Одежда/Спортивные костюмы;Aarhon Костюм спортивный;Костюм спортивный;Aarhon;0,00;6650;6650,00;0;0;;7;;https://www.lamoda.ru/p/aa002emfhje5/clothes-aarhon-kostyum-sportivnyy/;;02.10.2019 15:38
AA002EMFHJE6;Мужчинам/Одежда/Спортивные костюмы;Aarhon Костюм спортивный;Костюм спортивный;Aarhon;0,00;5170;5170,00;0;0;;5;;https://www.lamoda.ru/p/aa002emfhje6/clothes-aarhon-kostyum-sportivnyy/;;02.10.2019 19:30
AA002EMFHJE7;Мужчинам/Одежда/Спортивные костюмы;Aarhon Костюм спортивный;Костюм спортивный;Aarhon;0,00;5170;5170,00;0;0;;0;;https://www.lamoda.ru/p/aa002emfhje7/clothes-aarhon-kostyum-sportivnyy/;;02.10.2019 17:18
AA002EMFHJF3;Мужчинам/Одежда/Спортивные костюмы;Aarhon Костюм спортивный;Костюм спортивный;Aarhon;0,00;3590;3590,00;0;0;;3;;https://www.lamoda.ru/p/aa002emfhjf3/clothes-aarhon-kostyum-sportivnyy/;;02.10.2019 19:30
AA002EMFHJG0;Мужчинам/Одежда/Спортивные костюмы;Aarhon Костюм спортивный;Костюм спортивный;Aarhon;0,00;4499;4499,00;0;0;;3;;https://www.lamoda.ru/p/aa002emfhjg0/clothes-aarhon-kostyum-sportivnyy/;;02.10.2019 17:18
AA002EMFHJG1;Мужчинам/Одежда/Спортивные костюмы;Aarhon Костюм спортивный;Костюм спортивный;Aarhon;0,00;3590;3590,00;0;0;;1;;https://www.lamoda.ru/p/aa002emfhjg1/clothes-aarhon-kostyum-sportivnyy/;;02.10.2019 19:30
AA002EMGTWJ5;Мужчинам/Одежда/Верхняя одежда/Пальто;Aarhon Полупальто;Полупальто;Aarhon;0,00;7190;7190,00;0;0;;0;;https://www.lamoda.ru/p/aa002emgtwj5/clothes-aarhon-polupalto/;;01.10.2019 22:37
AA002EMGTWJ7;Мужчинам/Одежда/Верхняя одежда/Демисезонные куртки;Aarhon Куртка утепленная;Куртка утепленная;Aarhon;0,00;2650;2650,00;0;0;;1;;https://www.lamoda.ru/p/aa002emgtwj7/clothes-aarhon-kurtka-uteplennaya/;;02.10.2019 17:27
AA002EMGTWK3;Мужчинам/Одежда/Спортивные костюмы;Aarhon Костюм спортивный;Костюм спортивный;Aarhon;0,00;5910;5910,00;0;0;;0;;https://www.lamoda.ru/p/aa002emgtwk3/clothes-aarhon-kostyum-sportivnyy/;;29.09.2019 05:40
AA002EMGTWK6;Мужчинам/Одежда/Спортивные костюмы;Aarhon Костюм спортивный;Костюм спортивный;Aarhon;0,00;5910;5910,00;0;0;;0;;https://www.lamoda.ru/p/aa002emgtwk6/clothes-aarhon-kostyum-sportivnyy/;;02.10.2019 05:40
AA002EMGTWL0;Мужчинам/Одежда/Спортивные костюмы;Aarhon Костюм спортивный;Костюм спортивный;Aarhon;0,00;5910;5910,00;0;0;;2;;https://www.lamoda.ru/p/aa002emgtwl0/clothes-aarhon-kostyum-sportivnyy/;;02.10.2019 04:34
AA002EMGTWL3;Мужчинам/Одежда/Спортивные костюмы;Aarhon Костюм спортивный;Костюм спортивный;Aarhon;0,00;5170;5170,00;0;0;;0;;https://www.lamoda.ru/p/aa002emgtwl3/clothes-aarhon-kostyum-sportivnyy/;;02.10.2019 15:38
AA002EMGTWM3;Мужчинам/Одежда/Спортивные костюмы;Aarhon Костюм спортивный;Костюм спортивный;Aarhon;0,00;5170;5170,00;0;0;;0;;https://www.lamoda.ru/p/aa002emgtwm3/clothes-aarhon-kostyum-sportivnyy/;;02.10.2019 19:38
AA002EMGTWM7;Мужчинам/Одежда/Спортивные костюмы;Aarhon Костюм спортивный;Костюм спортивный;Aarhon;0,00;5910;5910,00;0;0;;0;;https://www.lamoda.ru/p/aa002emgtwm7/clothes-aarhon-kostyum-sportivnyy/;;02.10.2019 05:40
AA002EMGTWN3;Мужчинам/Одежда/Спортивные костюмы;Aarhon Костюм спортивный;Костюм спортивный;Aarhon;0,00;6390;6390,00;0;0;;0;;https://www.lamoda.ru/p/aa002emgtwn3/clothes-aarhon-kostyum-sportivnyy/;;02.10.2019 05:48
AA002EMGTWN8;Мужчинам/Одежда/Спортивные костюмы;Aarhon Костюм спортивный;Костюм спортивный;Aarhon;0,00;6390;6390,00;0;0;;0;;https://www.lamoda.ru/p/aa002emgtwn8/clothes-aarhon-kostyum-sportivnyy/;;02.10.2019 04:34
AA002EMGTWO0;Мужчинам/Одежда/Спортивные костюмы;Aarhon Костюм спортивный;Костюм спортивный;Aarhon;0,00;6390;6390,00;0;0;;0;;https://www.lamoda.ru/p/aa002emgtwo0/clothes-aarhon-kostyum-sportivnyy/;;29.09.2019 05:40
AA002EMGTWO5;Мужчинам/Одежда/Спортивные костюмы;Aarhon Костюм спортивный;Костюм спортивный;Aarhon;0,00;5590;5590,00;0;0;;0;;https://www.lamoda.ru/p/aa002emgtwo5/clothes-aarhon-kostyum-sportivnyy/;;02.10.2019 19:30
AA002EMGTWO7;Мужчинам/Одежда/Спортивные костюмы;Aarhon Костюм спортивный;Костюм спортивный;Aarhon;0,00;6390;6390,00;0;0;;0;;https://www.lamoda.ru/p/aa002emgtwo7/clothes-aarhon-kostyum-sportivnyy/;;29.09.2019 05:40
AA002EMGTWO8;Мужчинам/Одежда/Спортивные костюмы;Aarhon Костюм спортивный;Костюм спортивный;Aarhon;0,00;5590;5590,00;0;0;;0;;https://www.lamoda.ru/p/aa002emgtwo8/clothes-aarhon-kostyum-sportivnyy/;;02.10.2019 17:18
AA002EMGTWP0;Мужчинам/Одежда/Спортивные костюмы;Aarhon Костюм спортивный;Костюм спортивный;Aarhon;0,00;4040;4040,00;0;0;;0;;https://www.lamoda.ru/p/aa002emgtwp0/clothes-aarhon-kostyum-sportivnyy/;;02.10.2019 15:38
AA002EMXFP50;Мужчинам/Одежда/Джинсы/Зауженные джинсы;Aarhon Джинсы;Джинсы;Aarhon;0,00;3430;3430,00;0;0;;0;;https://www.lamoda.ru/p/aa002emxfp50/clothes-aarhon-dzhinsy/;;02.10.2019 04:34
AA002EMXFP53;Мужчинам/Одежда/Джинсы/Зауженные джинсы;Aarhon Джинсы;Джинсы;Aarhon;0,00;5499;5499,00;0;0;;7;;https://www.lamoda.ru/p/aa002emxfp53/clothes-aarhon-dzhinsy/;;01.10.2019 22:30
AA002EMXFP59;Мужчинам/Одежда/Джинсы/Прямые джинсы;Aarhon Джинсы;Джинсы;Aarhon;0,00;3590;3590,00;0;0;;9;;https://www.lamoda.ru/p/aa002emxfp59/clothes-aarhon-dzhinsy/;;02.10.2019 05:40